PersonaId,Handle
57e88916-0ddc-493d-a7e7-a650105e6cc8,Moondog-Sansar
dc51be25-f85e-4c80-8bce-4fa4635a8333,Binah-Sansar
effc2bd4-5748-44b1-981b-21c96394130c,Zorba-Sansar
92450d6c-e6fb-4f00-ad61-6061a29db4bc,loboapriltest
273fd402-4f11-4c59-a1af-cb884fb976b7,Coho-Sansar
68c812de-90f0-4c8f-afe1-1e6a1ec801de,meo-user
8dcb08e6-9b37-4048-844a-c3e8c1b905f4,Fish
be7fba53-fffb-4149-9b85-12b190169808,Lilian-Sansar
4d9406b4-ad3e-41f6-8401-624d76c6f247,signal-sansar
5972960c-fc19-45cd-be92-bd7e12a1794a,Ravioli
cc91a60c-333d-402d-8141-d0e4567ac7e9,IzzaMayo
64b5fa87-d2c7-40f9-a778-8d241006e2f6,LunarlieAnzac
cb7ef610-c9f0-4c12-b439-24c91fb38276,Boden-Linden-1